name1,name2,direction,cas,note
"(+-)-2-ethoxy-2,3-dihydro-3,3-dimethylbenzofuran-5-yl methanesufonate",Ethofumesate
"(+-)-cis-4-[3-(4-tert-butylphenyl)-2-methylpropyl]-2,6-dimethylmorpholine",Fenpropimorph
"(2,4-dichlorophenoxy)acetic acid","2,4-D"
"(3,5,6-Trichloro-2-pyridinyl)oxyacetic acid",Triclopyr
(4-chloro-2-methylphenoxy)acetic acid,MCPA
"(5-cyclopropyl-1,2-oxazol-4-yl)(α,α,α-trifluoro-2-mesyl-p-tolyl)methanone",Isoxaflutole
"(E,Z 4-[3-(4-chlorophenyl)-3-(3,4-dimethoxyphenyl)acryloyl]morpholine",Dimethomorph
(R)-1-(ethylcarbamoyl)ethyl carbanilate,Carbetamide
"(R)-2-(2,4-dichlorophenoxy)propionic acid",Dichlorprop-P
(R)-2-(4-chloro-o-tolyloxy)propionic acid,Mecoprop-P
(R)-2-[4-(6-chloroquinoxalin-2-yloxy)phenoxy]propionic acid,Quizalofop-P
"(R)-2-{(2,6-dimethylphenylmethoxy)acetylamino}-propionic acid methyl ester",Metalaxyl-M
"(RS)-1-(2,4-dichlorophenyl)-5-methyl-2-pyrazoline-3,5-dicarboxylic acid",Mefenpyr
(RS)-1-[3-(4-tert-butylphenyl)-2-methylpropyl]piperidine,Fenpropidin
"(RS)-2-(2,4-dichlorophenyl)-1-(1H-1,2,4-triazol-1-yl)hexan-2-ol",Hexaconazole
(RS)-2-(4-chloro-o-tolyloxy)propionic acid,Mecoprop
(RS)-2-(4-isopropyl-4-methyl-5-oxo-2-imidazolin-2-yl)nicotinic acid,Imazapyr
"(RS)-2-[4-(6-chloro-1,3-benzoxazol-2-yloxy)phenoxy]propionic acid",Fenoxaprop
"(RS)-3-(3,5-dichlorophenyl)-5-methyl-5-vinyl-1,3-oxazolidine-2,4-dione",Vinclozolin
"(RS)-4-(4-chlorophenyl)-2-phenyl-2-(1H-1,2,4-triazol-1-ylmethyl)butyronitrile",Fenbuconazole
(RS)-5-ethyl-2-(4-isopropyl-4-methyl-5-oxo-2-imidazolin-2-yl)nicotinic acid,Imazethapyr
"(RS)-N,N-diethyl-2-(1-naphthyloxy)propionamide",Napropamide
(RS)-[O-(2-tert-butylpyrimidin-5-yl) O-ethyl O-isopropyl phosphorothioate],Tebupirimphos
"(RS)-α-cyano-3-phenoxybenzyl N-(2-chloro-α,α,α-trifluoro-p-tolyl)-D-valinate",tau-Fluvalinate
(S)-α-cyano-3-phenoxybenzyl (S)-2-(4-chlorophenyl)-3-methylbutyrate,Esfenvalerate
"1,1,1-Trichlorethan","Ethane, 1,1,1-trichloro-, HCFC-140"
"1,1,1-Trichloroethane","Ethane, 1,1,1-trichloro-, HCFC-140"
Bromochlorodifluoromethane,"Methane, bromochlorodifluoro-, Halon 1211"
Halon-1211,"Methane, bromochlorodifluoro-, Halon 1211"
Bromotrifluoromethane,"Methane, bromotrifluoro-, Halon 1301"
Halon-1301,"Methane, bromotrifluoro-, Halon 1301"
Bromomethane,"Methane, bromo-, Halon 1001"
Halon-1001,"Methane, bromo-, Halon 1001"
Halothane,"Methane, bromo-chloro-trifluoro-, Halothane"
Dichlorodifluoromethane,"Methane, dichlorodifluoro-, CFC-12"
Trichlorofluoromethane,"Methane, trichlorofluoro-, CFC-11"
Tetrachloromethane,"Methane, tetrachloro-, CFC-10"
Chlorodifluoromethane,"Methane, chlorodifluoro-, HCFC-22"
Dichlorofluoromethane,"Methane, dichlorofluoro-, HCFC-21"
Chloromethane,"Methane, monochloro-, R-40"
Dibromomethane,"Methane, dibromo-"
Dibromofluoromethane,"Methane, bromodifluoro-, Halon 1201"
Dibromodifluoromethane,"Methane, dibromodifluoro-, Halon 1202"
"1,1,2-Trichlorethan","Ethane, 1,1,2-trichloro-"
"1,1-bis-(chlorophenyl)-2,2,2-trichloroethanol",Dicofol
"1,1-dimethylpiperidinium chloride",Mepiquat chloride
"1,1´-ethylene-2.2´bipyridyldiylium",Diquat
"1,1′-dimethyl-4,4′-bipyridinium",Paraquat
"1,2,3,4,5,6-hexachlorocyclohexane (gamma isomer)",Lindane
"1,2-Benzacenaphthene",Fluoranthene
"1,3-butadiene",Butadiene
"1,4,5,6,7,7-hexachloro-8,9,10-trinorborn-5-en-2,3-ylenebismethylene sulfite",Endosulfan
"1,4-Butanediol",Butylene glycol
"1,4-bis(1-formamido-2,2,2-trichloroethyl)piperazine",Triforine
"1-(((2,4-dichlorophenyl)amino)carbonyl)cyclopropanecarboxylic acid",Cyclanilide
"1-(1,3-benzothiazol-2-yl)-1,3-dimethylurea",Methabenzthiazuron
1-(2-cyano-2-methoxyiminoacetyl)-3-ethylurea,Cymoxanil
"1-(3,5-dichloro-2,4-difluorophenyl)-3-(2,6-difluorobenzoyl)urea",Teflubenzuron
"1-(4,6-dimethoxypyrimidin-2-yl)-3-(3-ethylsulfonyl-2-pyridylsulfonyl)urea",Rimsulfuron
"1-(4,6-dimethoxypyrimidin-2-yl)-3-mesyl(methyl)sulfamoylurea",Amidosulfuron
"1-(4-chlorophenyl)-3-(2,6-difluorobenzoyl)urea",Diflubenzuron
1-Butanol,Butanol
1-Butene,Butene
1-Pentanol,amyl alcohol
1-Pentene,amylene
1-Propanol,Propanol
"1-[[4-Bromo-2-(2,4-dichlorophenyl)tetrahydro-2-furanyl]methyl]-1,2,4-triazole",Bromuconazole
"1-aminopropane, n-Propylamine",Propylamine
"1-chloro-2-methylbenzene, o-chlorotoluene, o-tolyl chloride","Toluene, 2-chloro"
1-naphthol methylcarbamate,Carbaryl
"2',4'-difluoro-2-(alpha,alpha,alpha-trifluoro-m-tolyloxy)nicotinanilide",Diflufenican
"2,2,4-Trimethyl pentane","Pentane, 2,2,4-trimethyl-"
"2,3-Dihydro-5,6-dimethyl-1,4-dithiin 1,1,4,4-tetraoxide",Dimethipin
"2,3-dihydro-2,2-dimethylbenzofuran-7-yl methylcarbamate",Carbofuran
"2,4-D amines","2,4-D dimethylamine salt"
"2,4-D amines","2,4-D, dimethylamine salt"
"2,4-D ester","2,4-D polypropoxybutyl ester"
"2,4-D, dimethylamine salt",Dimethylamine
"2,4-DB","Butyric acid, 4-(2,4-dichlorophenoxy)-"
"2,4-Dinitro-o-kresol",DNOC
"2,6-dichlorobenzonitrile",Dichlobenil
"2-(2-chlorobenzyl)-4,4-dimethyl-1,2-oxazolidin-3-one",Clomazone
"2-(4,6-dimethoxypyrimidin-2-ylcarbamoylsulfamoyl)-N,N-dimethylnicotinamide",Nicosulfuron
"2-(4-mesyl-2-nitrobenzoyl)cyclohexane-1,3-dione",Mesotrione
2-Aminopropanol,L-alalinol
2-Butene,Butene
"2-Butene, 2-methyl-",2-Methyl-2-butene
2-Chlorsulfuron,Chlorsulfuron
2-Methyl pentane,Isohexane
2-Methyl pentane,"Pentane, 2-methyl-"
2-Methyl-1-propanol,"Isobutanol, Isobutyl alcohol"
2-Methyl-2-butene,n-Amylene
2-Methyl-4-chlorophenoxyacetic acid,MCPA
2-Nitrobenzoic acid,"o-nitrobenzoic acid, ortho-nitrobenzoic acid"
2-Phenylpropane,Cumene
2-Propanol,"Isopropanol, Isopropyl alcohol"
2-Pyrrolidon-3-chloro-4-chloromethyl-1-(3-trifluoromethylphenyl),Fluorochloridone
"2-[4,6-bis(difluoromethoxy)pyrimidin-2-ylcarbamoylsulfamoyl]benzoic acid",Primisulfuron
"2-[4-methoxy-6-methyl-1,3,5-triazin-2-yl(methyl)carbamoylsulfamoyl]benzoic acid",Tribenuron
2-[[4-chloro-6-(ethylamino)-s-triazin-2-yl]amino]-2-methylpropionitrile,Cyanazine
"2-aminobenzoic acid, anthranilate, vitamin L1",Anthranilic acid
2-chloro-6'-ethyl-N-(2-methoxy-1-methylethyl)aceto-o-toluidide,Metolachlor
2-chloro-6-nitro-3-phenoxyaniline,Aclonifen
"2-chloro-N-(2,6-diethylphenyl)-N-(methoxymethyl)acetamide",Alachlor
"2-chloro-N-(2-methoxyethyl)acet-2′,6′-xylidide",Dimethachlor
"2-chloro-N-(pyrazol-1-ylmethyl)acet-2´,6´-xylidide",Metazachlor
"2-chloro-α,α,α-trifluoro-p-tolyl 3-ethoxy-4-nitrophenyl ether",Oxyfluorfen
2-chloroethylphosphonic acid,Ethephon
2-chloroethyltrimethylammonium,Chlormequat
"2-dimethylamino-5,6-dimethylpyrimidin-4-yl dimethylcarbamate",Pirimicarb
2-hydroxyethyltrimethylammoniumchlorid,Chlormequat chloride
2-hydroxypropanoic acid,Lactic acid
"2-methoxy-N-(2-oxo-1,3-oxazolidin-3-yl)aceto-2',6'-xylidide",Oxadixyl
"2-methylbuta-1,3-diene",Isoprene
2-propylamine,Isopropylamine
"2-sec-butyl-4,6-dinitrophenol",Dinoseb
"2′,6′-difluoro-5-methyl[1,2,4]triazolo[1,5-a]pyrimidine-2-sulfonanilide",Flumetsulam
"3,5-dibromo-4-hydroxybenzonitrile",Bromoxynil
"3,6-Dichloro-2-pyridinecarboxylic acid",Clopyralid
"3,6-dichloro-o-anisic acid",Dicamba
"3-(-3-chloro-p-tolyl)-1,1-dimethylurea",Chlorotoluron
"3-(2,4-dichlorophenyl)-6-fluoro-2-(1H-1,2,4-triazol-1-yl)quinazolin-4(3H)-one",Fluquinconazole
"3-(3,4-dichlorophenyl)-1-methoxy-1-methylurea",Linuron
"3-(3,5-dichlorophenyl)-N-isopropyl-2,4-dioxoimidazolidine-1-carboxamide",Iprodion
3-(4-chlorophenyl)-1-methoxy-1-methylurea,Monolinuron
"3-(4-isopropylphenyl)-1,1-dimethylurea",Isoproturon
3-Methyl-1-butanol,Isopentyl alcohol
3-Methyl-1-butanol,isoamyl alcohol
3-Methyl-1-butanol,"isoamyl alcohol, Isopentyl alcohol"
"3-isopropyl-1H-2,1,3-benzothiadiazin-4(3H)-one 2,2-dioxide",Bentazone
"4,6-dimethyl-N-phenylpyrimidin-2-amine",Pyrimethanil
"4-(2,3-dichlorophenyl)pyrrole-3-carbonitrile",Fenpiclonil
4-(4-chloro-o-tolyloxy)butyric acid,MCPB
"4-Chlorobenzyl N,N-diethylthiocarbamate",Thiobencarb
4-Methyl-2-pentanol,"Methyl isobutyl carbinol, Methylamyl alcohol"
4-Methyl-2-pentanone,"Methyl isobutyl ketone, MIBK"
4-[hydroxy(methyl)phosphinoyl]-DL-homoalanine,Glufosinate
"4-alkyl-2,6-dimethylmorpholine",Tridemorph
"4-amino-3,5,6-trichloropyridine-2-carboxylic acid",Picloram
"4-amino-3,5-dichloro-6-fluoro-2-pyridyloxyacetic acid",Fluroxypyr
"4-amino-4,5-dihydro-3-methyl-6-phenyl-1,2,4-triazin-5-one",Metamitron
"4-amino-6-tert-butyl-4,5-dihydro-3-methylthio-1,2,4-triazin-5-one",Metribuzin
4-chloro-2-oxobenzothiazolin-3-ylacetic acid,Benazolin
4-cyclopropyl-6-methyl-N-phenylpyrimidin-2-amine,Cyprodinil
"4-hydroxy-3,5-di-iodobenzonitrile",Ioxynil
"4-iodo-2-[3-(4-methoxy-6-methyl-1,3,5-triazin-2-yl)ureidosulfonyl]benzoic acid",Iodosulfuron
"4-methylthio-3,5-xylyl methylcarbamate",Methiocarb
"5,10-dihydro-5,10-dioxonaphtho[2,3-b]-1,4-dithiine-2,3-dicarbonitrile",Dithianon
"5,7-dichloro-4-quinolyl 4-fluorophenyl ether",Quinoxyfen
"5-(2-chloro-α,α,α-trifluoro-p-tolyloxy)-N-mesyl-2-nitrobenzamide",Fomesafen
5-amino-4-chloro-2-phenylpyridazin-3(2H)-one,Chloridazon
5-chlor-8-chinolinoxy-essigsäure-1-methylhexylester,Cloquintocet-mexyl
"6-chloro-N2,N4-diethyl-1,3,5-triazine-2,4-diamine",Simazine
7-chloro-3-methylquinoline-8-carboxylic acid,Quinmerac
"7-oxabicyclo[2.2.1]heptane-2,3-Dicarboxylic acid",Endothall
"8-Quinolinecarboxylic aicd, 3,7-dichloro-",Quinclorac
"8-tert-butyl-1,4-dioxaspiro[4.5]decan-2-ylmethyl(ethyl)(propyl)amine",Spiroxamine
"9,10-dihydro-9,10-dioxoanthracene",Anthraquinone
9H-Fluorene,Fluorene
"AOX, Adsorbable Organic Halogen as Cl","AOX, Adsorbable Organic Halogen",,,older spelling of the same sum parameter
Abamectin,Zephyr
Acephate,Ortho 12420
"Acetic acid, trifluoro-",TFA
"Acetic acid, trifluoro-",Trifluoressigsaeure
Acetonitrile,"methyl cyanide, cyanomethane"
Acetyl chloride,ethanoyl chloride
"Acidity, unspecified","Acids, unspecified"
"Ackerbau, nicht bewässert","Occupation, annual crop, non-irrigated"
Acrylate,"Acrylate, ion"
"Acrylate, ion",Acrylic acid
Actinium,"Actinium, in ground"
Aldicarb,UC21149
Aldrin,Aldrosol
Aluminium,"Aluminium, in ground"
Ametryn,Evik
Amitraz,Triazid
Ammonium sulfate,Diammonium sulfate
Angebaute Brachen in Fruchtfolgen,"Occupation, cropland fallow (non-use)"
Anhydrite,"Anhydrite, in ground"
"Anhydrite, in ground",Calciumsulfat
Anthracen,Anthracene
Anthracene,Anthracin
Anthracene,Paranaphthalene
Antimony,"Antimony, in ground"
Antimony,"Antimony, ion",,007440-36-0,EF 3.1 characterizes antimony of unstated valence as the average of Sb(III) and Sb(V) (report JRC130796 table 6 note d): Antimony ion in the adapted collection
"Antimony, in ground",Stibnite,input
Argon,Argon-40
Argon-40,Argon-40/kg
Arsane,Arsine
Arsenic,"Arsenic, in ground"
Arsenic,"Arsenic, ion"
Arsenwasserstoff,Arsine
Arsine,Monoarsan
Asbest,"Chrysotile, in ground"
Assure,Quizalofop ethyl ester
Asulam,methyl 4-aminophenylsulfonylcarbamate
Axole,Furan
Azinphos-methyl,GUTHION (AZINPHOS-METHYL)
Azoxystrobin,methyl (E)-2-{2-[6-(2-cyanophenoxy)pyrimidin-4-yloxy]phenyl}-3-methoxyacrylate
BAS-517-H,Cycloxydim
BOD5 (Biological Oxygen Demand),"BOD5, Biological Oxygen Demand"
BOU,Sulfuric acid
BaP,Benzo(a)pyrene
Barium,"Barium, in ground"
Barium,"Barium (II)",,022541-12-4,EF 3.1 toxicity characterizes only the ionic species; the elemental metal emission maps to it
Basalt,"Basalt, in ground"
Baycor,Bitertanol
Benfluralin,Benthrodine
Benomyl,methyl 1-(butylcarbamoyl)benzimidazol-2-ylcarbamate
Bensulfuron Me,Bensulfuron methyl ester
Benz(a)anthracene,Benzo(a)anthracene
Benz(a)anthracene,Tetraphene
Benzene,"BTEX (Benzene, Toluene, Ethylbenzene, and Xylene), unspecified ratio"
"Benzene, 1,2-dichloro-","Benzene, dichloro"
"Benzene, 1,2-dichloro-",o-Dichlorobenzene
"Benzene, 1-methyl-2-nitro-",o-Nitrotoluene
"Benzene, ethyl-",Ethylbenzol
"Benzene, hexachloro-",HCB
"Benzene, hexachloro-",Hexachlorbenzol
"Benzene, pentachloro-",Pentachlorbenzol
"Benzene, pentachloronitro-",Quintozene
Benzo(a)phenanthrene,Chrysene
Benzo(b)fluoranthene,"Benzo(b,j,k)fluoranthene"
"Benzo(g,h,i)perylene",Benzo(ghi)perylene
Beryllium,"Beryllium, in ground"
Beryllium,"Beryllium (II)",,022537-20-8,EF 3.1 toxicity characterizes only the ionic species; the elemental metal emission maps to it
Beta-cyfluthrin,Cyfluthrin
Beta-methylbivinyl,Isoprene
Biethylene,Butadiene
Bifenox,"methyl 5-(2,4-dichlorophenoxy)-2-nitrobenzoate"
"Bis(1-methylethyl)carbamothioic acid S-(2,3,3-trichloro-2-propenyl)ester",Tri-allate
Bis-(N-cyclohexyldiazeniumdioxy)-copper,Cu-HDO
Bismuth,"Bismuth, in ground"
Borate,borate ion
Borax,"Borax, in ground"
Boron,"Boron, in ground"
Botrilex,Quintozene
Bromacil,Urox B
Bromchlorphos,Naled
Bromopropylate,"Isopropyl 4,4'dibromobenzilate"
"Buta-1,3-diene",Butadiene
Butadiene,Pyrrolylene
Butyl Benzyl Phtalat,"Phthalate, butyl-benzyl-"
CAS also 7789-75-5,"Fluorspar, 92%, in ground"
"CL 35,024",Phorate
COD (Chemical Oxygen Demand),"COD, Chemical Oxygen Demand"
Cadmium,"Cadmium, in ground"
Cadmium,"Cadmium, ion"
Cadmium,"Cadmium (II)",,022537-48-0,EF 3.1 toxicity characterizes only the ionic species; the elemental metal emission maps to it
"Caesium, in ground",Cesium
Cesium,"Cesium (I)",,018459-37-5,EF 3.1 toxicity characterizes only the ionic species; the elemental metal emission maps to it
Calcite,"Calcite, in ground"
Calcium,"Calcium, in ground"
Calcium,"Calcium, ion"
Calcium sulfate dihydrate,"Gypsum, in ground"
Caparol,Prometryn
Captan,"N-(trichloromethylthio)cyclohex-4-ene-1,2-dicarboximide"
"Carbamic acid, (3,4-diethoxyphenyl)-, 1-methylethyl ester",Diethofencarb
"Carbamic acid, [(dibutylamino)thio]methyl-, 2,3-dihydro-2,2-dimethyl-7-benzofuranyl ester",Carbosulfan
Carbaryl,Sevin
Carbatene,Metiram
Carbendazim,methyl benzimidazol-2-ylcarbamate
Carbon,Elemental carbon
Carbon dioxide,"Carbon dioxide, fossil"
"Carbon dioxide, biogenic","Carbon dioxide, non-fossil"
"Carbon dioxide, from soil or biomass stock","Carbon dioxide, land transformation"
"Carbon dioxide, from soil or biomass stock","Carbon dioxide, peat oxidation"
"Carbon dioxide, from soil or biomass stock","Carbon dioxide (land use change)"
Carbon disulfide,Dithiocarbonic Anhydride
Carbon disulfide,dithiocarbonic anhydride
Carbon disulfide,sulfocarbonic anhydride
Carbon monoxide,"Carbon monoxide, fossil"
"Carbon monoxide, biogenic","Carbon monoxide, non-fossil"
"Carbon monoxide, from soil or biomass stock","Carbon monoxide, land transformation"
"Carbon monoxide, from soil or biomass stock","carbon monoxide (land use change)"
Carbon trioxide,Carbonate
Carbonate,Carbonate ion
"Carboxanilido-2,3-dihydro-6-methyl-1,4-oxathiin",Carboxin
Carfentrazone ethyl ester,Carfentrazone-ethyl
Cerium,"Cerium, in ground"
Chloride,"Chloride, ion"
Chlorimuron-ethyl,ethyl 2-(4-chloro-6-methoxypyrimidin-2-ylcarbamoylsulfamoyl)benzoate
Chloroacetyl chloride,"monochloroacetyl chloride, chloracetic chloride"
Chloroform,Trichlormethan
Chlorosulfonic acid,"chlorosulphuric acid, chloridosulfonic acid, sulfuric chlorohydrin"
Chlorothalonil,tetrachloroisophthalonitrile
Chlorotoluron,Chlortoluron
Chromium,"Chromium, in ground"
Chromium,"Chromium (III)",,016065-83-1,older SimaPro name for trivalent chromium: the amounts EcoSpold 2 records as Chromium III and later exports write Chromium (III); EF 3.1 itself gives chromium of unstated valence the hexavalent factors (report JRC130796 table 6 note c)
Chrysotile,"Chrysotile, in ground"
Cinnabar,"Cinnabar, in ground"
"Clay, bentonite","Clay, bentonite, in ground"
"Clay, unspecified","Clay, unspecified, in ground"
Clean Crop MSMA 6 Plus,MSMA
Clodinafop-propargyl,prop-2-ynyl (R)-2-[4-(5-chloro-3-fluoropyridin-2-yloxy)phenoxypropionate
"Coal, 18 MJ per kg","Coal, hard, unspecified, in ground"
"Coal, 26.4 MJ per kg","Coal, hard, unspecified, in ground"
"Coal, 29.3 MJ per kg","Coal, hard, unspecified, in ground"
"Coal, brown","Coal, brown, in ground"
"Coal, brown, 10 MJ per kg","Coal, brown"
"Coal, brown, 8 MJ per kg","Coal, brown"
"Coal, hard","Coal, hard, unspecified, in ground"
Cobalt,"Cobalt, in ground"
"Cobalt, Co 5.0E-2%, in mixed ore","Cobalt, Co 5.0E-2%, in mixed ore, in ground"
Cobra 2E,Lactofen
Colemanite,"Colemanite, in ground"
Comite,Propargite
Copper,"Copper, in ground"
Copper,"Copper, ion"
"Copper, 0.52% in sulfide, Cu 0.27% and Mo 8.2E-3% in crude ore","Copper, 0.52% in sulfide, Cu 0.27% and Mo 8.2E-3% in crude ore, in ground"
"Copper, 0.59% in sulfide, Cu 0.22% and Mo 8.2E-3% in crude ore","Copper, 0.59% in sulfide, Cu 0.22% and Mo 8.2E-3% in crude ore, in ground"
"Copper, 0.97% in sulfide, Cu 0.36% and Mo 4.1E-2% in crude ore","Copper, 0.97% in sulfide, Cu 0.36% and Mo 4.1E-2% in crude ore, in ground"
"Copper, 0.99% in sulfide, Cu 0.36% and Mo 8.2E-3% in crude ore","Copper, 0.99% in sulfide, Cu 0.36% and Mo 8.2E-3% in crude ore, in ground"
"Copper, 1.13% in sulfide, Cu 0.76% and Ni 0.76% in crude ore","Copper, 1.13% in sulfide, Cu 0.76% and Ni 0.76% in crude ore, in ground"
"Copper, 1.18% in sulfide, Cu 0.39% and Mo 8.2E-3% in crude ore","Copper, 1.18% in sulfide, Cu 0.39% and Mo 8.2E-3% in crude ore, in ground"
"Copper, 1.42% in sulfide, Cu 0.81% and Mo 8.2E-3% in crude ore","Copper, 1.42% in sulfide, Cu 0.81% and Mo 8.2E-3% in crude ore, in ground"
"Copper, 2.19% in sulfide, Cu 1.83% and Mo 8.2E-3% in crude ore","Copper, 2.19% in sulfide, Cu 1.83% and Mo 8.2E-3% in crude ore, in ground"
"Copper, Cu 0.2%, in mixed ore","Copper, Cu 0.2%, in mixed ore, in ground"
"Copper, Cu 6.8E-1%, in mixed ore","Copper, Cu 6.8E-1%, in mixed ore, in ground"
Cumene,Cumol
Cumene,methyl ethyl benzene
Curacron,Profenofos
CxHy aromatic,Cyclohexane
Cyanoacetic acid,Malonic mononitrile
DPX-Y6202-31,Quizalofop-p-ethyl
Dauerkultur ohne nähere Angaben,"Occupation, permanent crop"
Desmedipham,ethyl 3-phenylcarbamoyloxyphenylcarbamate
"Diaminomethanal, Carbamide",Urea
Diatomite,"Diatomite, in ground"
"Diatomite, in ground",Kieselgur
Diazinon,Dimpylatum
Dibutyl p-phthalat,"Phthalate, dibutyl-"
Dichlormonofluormethan,"Methane, dichlorofluoro-, HCFC-21"
Diclofop,HOE-021079
Diclofop,"2-[4-(2,4-Dichlorophenoxy)phenoxy]propanoic acid",,040843-25-2,IUPAC name of the acid; its methyl ester Diclofop-methyl is another substance
Dicrotophos,Phosphoric acid (E)-3-(dimethylamino)-1-methyl-3-oxo-1-propenyl dimethyl ester
Diflufenzopyr-sodium,"sodium 2-{(EZ)-1-[4-(3,5-difluorophenyl)semicarbazono]ethyl}nicotinate"
Dimethoate,"O,O-dimethyl S-methylcarbamoylmethyl phosphorodithioate"
Dimethyl malonate,"malonic acid dimethyl ester, propanedioic acid dimethyl ester"
Dimethyl p-phthalat,"Phthalate, dimethyl-"
Dinate,DSMA
Dinitrogen monoxide,Stickstoffdioxid
Dinitrogen monoxide,nitrous oxide
"Dioxin, 2,3,7,8 Tetrachlorodibenzo-p-","Dioxins, measured as 2,3,7,8-tetrachlorodibenzo-p-dioxin"
Dipropylthiocarbamic acid S-ethyl ester,EPTC
"Discarded fish, demersal","Discarded fish, demersal, to ocean"
"Discarded fish, pelagic","Discarded fish, pelagic, to ocean"
Disodium acid methane arsenate,DSMA
Disulfoton,"O,O-diethyl S-(2-(ethylthio)ethyl) phosphorodithioate"
Dithianon,Dithianone
Diurex,Diuron
Dodecanoic acid,Lauric acid
Dolomite,"Dolomite, in ground"
"Dolomite, in ground",kristallines Calciummagnesiumcarbonat
Dropp,Thidiazuron
Dysprosium,"Dysprosium, in ground"
EPTC,"N,N-dipropylthiocarbamic acid s ethyl ester"
Elemental carbon,"TOC, Total Organic Carbon"
Erbium,"Erbium, in ground"
Ethalfluralin,Ethalfuralin
Ethane thiol,Ethyl hydrosulfide
Ethane thiol,Ethyl mercaptan
Ethane thiol,Ethyl sulfhydrate
Ethane thiol,Mercaptoethane
"Ethane, 1,1,1,2-tetrafluoro-, HFC-134a",R134a
"Ethane, 1,1,1-trifluoro-, HFC-143a","Ethane, 1,1,2-trifluoro-, HFC-143"
"Ethane, 1,1,1-trifluoro-, HFC-143a",R143a
"Ethane, 1,1,2-trichloro-1,2,2-trifluoro-, CFC-113",R113
"Ethane, 1,1-dichloro-1-fluoro-, HCFC-141b",R141b
"Ethane, 1,1-difluoro-, HFC-152a",R152a
"Ethane, 1,2-dichloro-",Ethylendichlorid
"Ethane, 1,2-dichloro-",Ethylene dichloride
"Ethane, 1,2-dichloro-1,1,2,2-tetrafluoro-, CFC-114",R114
"Ethane, 1-chloro-1,1-difluoro-, HCFC-142b",R142b
"Ethane, 2,2-dichloro-1,1,1-trifluoro-, HCFC-123",R123
"Ethane, 2-chloro-1,1,1,2-tetrafluoro-, HCFC-124",R124
"Ethane, chloro-",Monochloroethane
"Ethane, chloropentafluoro-, CFC-115",R115
"Ethane, hexafluoro-, HFC-116",R116
"Ethane, pentafluoro-, HFC-125",R125
"Ethaneamine, Monoethylamine, Aminoethane, 1-Aminoethane",Ethylamine
"Ethanol, 2-ethoxy-",Ethylene glycol monoethyl ether
Ethene,Ethylene,,000074-85-1,older name of the same molecule
"Ethene, chloro-",Chloroethylene,,000075-01-4,"older name of the same molecule, the vinyl chloride monomer and not its polymer"
"Ethene, tetrachloro-",Perchlorethylen
"Ethene, tetrachloro-",Tetrachloroethylene,,000127-18-4,older name of the same molecule
"Ethene, trichloro-",Trichlorethylen
"Ethene, trichloro-",Trichloroethylene,,000079-01-6,older name of the same molecule
Ethoprop,"O-ethyl S,S-dipropyl dithiophosphate"
Etridiazole,Tuban
Europium,"Europium, in ground"
Extensive landwirtschaftliche Nutzung von Grasland mit wenig oder keiner Düngung,"Occupation, pasture, man made, extensive"
Extensiver Obstbau,"Occupation, permanent crop, irrigated, extensive"
Extensiver Weinbau,"Occupation, permanent crop, non-irrigated, extensive"
Feldspar,"Feldspar, in ground"
Fenhexamid,"N-(2,3-dichloro-4-hydroxyphenyl)-1-methylcyclohexane-1-carboxamide"
Fenoxaprop-P ethyl ester,Fenoxaprop-p-ethyl
Fentin acetate,triphenyltin acetate
Floransulam,Florasulam
Fludioxonil,"Pyrrole-3-carbonitrile, 4-(2,2-difluoro-1,3-benzodioxol-4-yl)-"
Fluometuron,herbicide c-2059
Fluorine,"Fluorine, in ground"
"Fluorine, 4.5% in apatite, 3% in crude ore","Fluorine, 4.5% in apatite, 3% in crude ore, in ground"
Fluorochloridone,Flurochloridone
Fluorspar,"Fluorspar, in ground"
Flupyrsulfuron-methyl sodium,Flupyrsulfuron-methyl
Flutolanil,N-(3-(1-methylethoxy)phenyl)-2-(trifluoromethyl)benzamide
Formamide,"methanamide, carbamaldehyde"
Formate,"formate ion, methanoate ion"
Fosetyl-Al,Fosetyl-aluminium
Freon 10,"Methane, tetrachloro-, R-10"
Fuberidazole,VII/177
Fungaflor,Imazalil
Furan,Oxacyclopentadiene
Furan,furfuran
Für Deponierung von Bohrschlämmen,"Occupation, seabed, drilling and mining"
Gadolinium,"Gadolinium, in ground"
Gallium,"Gallium, in ground"
Gangue,"Gangue, in ground"
"Gangue, bauxite","Gangue, bauxite, in ground"
Germane,"Germanium, in ground"
Germanium,"Germanium, in ground"
Glimmer,"Vermiculite, in ground"
Glufosinate ammonium,Monoammonium 2-amino-4(hydroxymethylphosphinyl)butanoate
Glyphosate,N-(phosphonomethyl)glycine
Gold,"Gold, in ground"
"Gold, Au 1.0E-7%, in mixed ore","Gold, Au 1.0E-7%, in mixed ore, in ground"
"Gold, Au 1.1E-4%, Ag 4.2E-3%, in ore","Gold, Au 1.1E-4%, Ag 4.2E-3%, in ore, in ground"
"Gold, Au 1.3E-4%, Ag 4.6E-5%, in ore","Gold, Au 1.3E-4%, Ag 4.6E-5%, in ore, in ground"
"Gold, Au 1.8E-4%, in mixed ore","Gold, Au 1.8E-4%, in mixed ore, in ground"
"Gold, Au 2.1E-4%, Ag 2.1E-4%, in ore","Gold, Au 2.1E-4%, Ag 2.1E-4%, in ore, in ground"
"Gold, Au 4.3E-4%, in ore","Gold, Au 4.3E-4%, in ore, in ground"
"Gold, Au 4.9E-5%, in ore","Gold, Au 4.9E-5%, in ore, in ground"
"Gold, Au 5.4E-4%, Ag 1.5E-5%, in ore","Gold, Au 5.4E-4%, Ag 1.5E-5%, in ore, in ground"
"Gold, Au 6.7E-4%, in ore","Gold, Au 6.7E-4%, in ore, in ground"
"Gold, Au 6.8E-4%, Ag 1.5E-4%, in ore","Gold, Au 6.8E-4%, Ag 1.5E-4%, in ore, in ground"
"Gold, Au 7.1E-4%, in ore","Gold, Au 7.1E-4%, in ore, in ground"
"Gold, Au 9.7E-5%, Ag 7.6E-5%, in ore","Gold, Au 9.7E-5%, Ag 7.6E-5%, in ore, in ground"
Granite,"Granite, in ground"
"Grasland mit häufiger Ernte, Düngung, etc.","Occupation, pasture, man made, intensive"
Grasland ohne nähere Informationen,"Occupation, pasture, man made"
Gravel,"Gravel, in ground"
"Gravel, in ground","Sand, gravel and stone, extracted for use"
Gypsum,"Gypsum, in ground"
Hafnium,"Hafnium, in ground"
Halosulfuron-methyl,NC-319
"Hecken, Uferzonen, Schonstreifen, Ruderal- und Sukzessionsfl., Seitenstreifen","Occupation, shrub land, sclerophyllous"
Hexamethyldisilizane,HMDS
Hexazinone,Velpar
Holmium,"Holmium, in ground"
Hydramethylnon,Wipeout
Hydrochloric acid,Hydrogen chloride
Hydrogen chloride,Salzsäure
Imidan,Phosmet
Indium,"Indium, in ground"
"Intensiver Obstbau, z.B. Kirschen, Kokosnüsse","Occupation, permanent crop, irrigated, intensive"
Intensiver Weinbau,"Occupation, permanent crop, non-irrigated, intensive"
Iprodion,Iprodione
Iridium,"Iridium, in ground"
Iron,"Iron, in ground"
Iron,"Iron, ion"
Iron II,"Iron, ion"
Isobutane,refrigerant R-600a
Isohexane,Methyl pentane
Isoprene,methyl bivinyl
Kali,"Sylvite, 25 % in sylvinite, in ground"
Kaolin ore,"Kaolinite, 24% in crude ore, in ground"
Kaolinite,"Kaolinite, in ground"
Kerb,Pronamide
Kieserite,"Kieserite, in ground"
Landwirtschaftliche Fläche mit signifikanten Anteilen natürlicher Vegetation,"Occupation, heterogeneous, agricultural"
Lanox,Methomyl
Lanox 216,Methomyl
Lanthanum,"Lanthanum, in ground"
Laterite,"Laterite, in ground"
Lead,"Lead, in ground"
Lead,"Lead (II)",,014280-50-3,EF 3.1 toxicity characterizes only the ionic species; the elemental metal emission maps to it
"Lead, Pb 3.6E-1%, in mixed ore","Lead, Pb 3.6E-1%, in mixed ore, in ground"
Lead-210,Lead-210/kg
Lithium,"Lithium, in ground"
Lithium,"Lithium, ion"
Lutetium,"Lutetium, in ground"
Magnesite,"Magnesite, in ground"
Magnesium,"Magnesium, in ground"
Magnesium chloride,"Magnesium, in ground"
Mancozeb,manganese ethylenebis(dithiocarbamate) (polymeric) complex with zinc salt
Maneb,manganese ethylenebis(ditiocarbamate) (polymeric)
Manganese,"Manganese, in ground"
Manganese,"Manganese (II)",,016397-91-4,EF 3.1 toxicity characterizes only the ionic species; the elemental metal emission maps to it
Maposol,Metam-sodium
Mercury,"Mercury, in ground"
Mercury,"Mercury (II)",,014302-87-5,EF 3.1 toxicity characterizes only the ionic species; the elemental metal emission maps to it
Metalaxil,"methyl N-(methoxyacetyl)-N-(2,6-xylyl)-DL-alaninate"
Metaldehyde,Metaldehyde (tetramer)
Metaldehyde,"r-2,c-4,c-6,c-8-tetramethyl-1,3,5,7-tetroxocane"
Metam-sodium,Metam-sodium dihydrate
"Metamorphous rock, graphite containing","Metamorphous rock, graphite containing, in ground"
Methamidophos,Tahmabon
Methane,"Methane, fossil"
"Methane, biogenic","Methane, non-fossil"
"Methane, chloro-fluoro-, HCFC-31","Methane, chlorofluoro-, HCFC-31"
"Methane, dichloro-, HCC-30",methylenchlorid
"Methane, from soil or biomass stock","Methane, land transformation"
"Methane, from soil or biomass stock","Methane, peat oxidation"
"Methane, from soil or biomass stock","methane (land use change)"
"Methane, monochloro-, R-40",Methyl Chloride
"Methane, monochloro-, R-40",Monochloromethane
"Methane, tetrachloro-, CFC-10","Methane, tetrachloro-, R-10"
"Methane, tetrachloro-, R-10",Tetrachlormethan
"Methane, tetrafluoro-, CFC-14","Methane, tetrafluoro-, R-14"
"Methane, trichlorofluoro-, CFC-11",R11
"Methane, trifluoro-, HFC-23",R23
Methanesulfonic acid,"methylsulfonic acid, MSA"
Methomyl,Nu-bait II
Methyl acetate,methyl ethanoate
Methyl amine,Methylamine
Methyl parathion,"Parathion, methyl"
Methyl pentane,Methylpentane,,,the method lists 2-methylpentane and isohexane as synonyms of its Methylpentane
Metolachlor,"Metolachlor, (S)"
"Metolachlor, (S)",S-metolachlor
Molinate,Yulan
Molybdenum,"Molybdenum, in ground"
Molybdenum,"Molybdenum (VI)",,016065-87-5,EF 3.1 toxicity characterizes only the ionic species; the elemental metal emission maps to it
"Molybdenum, 0.010% in sulfide, Mo 8.2E-3% and Cu 1.83% in crude ore","Molybdenum, 0.010% in sulfide, Mo 8.2E-3% and Cu 1.83% in crude ore, in ground"
"Molybdenum, 0.014% in sulfide, Mo 8.2E-3% and Cu 0.81% in crude ore","Molybdenum, 0.014% in sulfide, Mo 8.2E-3% and Cu 0.81% in crude ore, in ground"
"Molybdenum, 0.016% in sulfide, Mo 8.2E-3% and Cu 0.27% in crude ore","Molybdenum, 0.016% in sulfide, Mo 8.2E-3% and Cu 0.27% in crude ore, in ground"
"Molybdenum, 0.022% in sulfide, Mo 8.2E-3% and Cu 0.22% in crude ore","Molybdenum, 0.022% in sulfide, Mo 8.2E-3% and Cu 0.22% in crude ore, in ground"
"Molybdenum, 0.022% in sulfide, Mo 8.2E-3% and Cu 0.36% in crude ore","Molybdenum, 0.022% in sulfide, Mo 8.2E-3% and Cu 0.36% in crude ore, in ground"
"Molybdenum, 0.025% in sulfide, Mo 8.2E-3% and Cu 0.39% in crude ore","Molybdenum, 0.025% in sulfide, Mo 8.2E-3% and Cu 0.39% in crude ore, in ground"
Monosodium acid methanearsonate,MSMA
"N',N'-dimethyl-N-[(methylcarbamoyl)oxy]-1-thiooxamimidic acid methyl ester",Oxamyl
"N,N-Dimethylmethanamine",Trimethylamine
N-(4-tert-Butylbenzyl)-4-chloro-3-ethyl-1-methylpyrazole-5-carboxamide,Tebufenpyrad
"N-allyl-4,5-dimethyl-2-(trimethylsilyl)thiophene-3-carboxamide",Silthiofam
N-benzyl-N-isopropylpivalamide,Tebutam
"N-propyl-N-[2-(2,4,6-trichlorophenoxy)ethyl]imidazole-1-carboxamide",Prochloraz
"N2-tert-butyl-6-chloro-N4-ethyl-1,3,5-triazine-2,4-diamine",Terbuthylazin
"NMVOC, non-methane volatile organic compounds, unspecified origin","NMVOC, non-methane volatile organic compounds"
Naphtalene,Naphthalene
"Naturbims, Bimsstein, Bimssand, Bimskies","Pumice, in ground"
Neodymium,"Neodymium, in ground"
Nickel,"Nickel, in ground"
Nickel,"Nickel, ion"
Nickel,"Nickel (II)",,014701-22-5,EF 3.1 toxicity characterizes only the ionic species; the elemental metal emission maps to it
"Nickel, 1.13% in sulfide, Ni 0.76% and Cu 0.76% in crude ore","Nickel, 1.13% in sulfide, Ni 0.76% and Cu 0.76% in crude ore, in ground"
"Nickel, 1.98% in silicates, 1.04% in crude ore","Nickel, 1.98% in silicates, 1.04% in crude ore, in ground"
"Nickel, Ni 2.5E+0%, in mixed ore","Nickel, Ni 2.5E+0%, in mixed ore, in ground"
Niobium,"Niobium, in ground"
Nitrate,Nitrate compounds
Nitric oxide,Nitrogen monoxide
Nitric oxide,"Nitrogen monoxide, NA"
Nitrogen,"Nitrogen, atmospheric"
Nitrogen dioxide,Nitrogen(IV) oxide
Nitrogen fluoride,nitrogen trifluoride
Nitrogen fluoride,trifluoramine
Norflurazon,"Pyridazinone, 4-chloro-5-(methylamino)-2-(alpha,alpha,alpha-trifluoro-m-tolyl)-"
"Normale Bewirtschaftung in der Schweiz für Bau- und Konstruktionsholz, Palmen","Occupation, forest, intensive"
"O,O-diethyl O-4-nitrophenyl phosphorothioate",Parathion
O-(6-chloro-3-phenyl-4-pyridazinyl) S-octylcarbonothionate,Pyridate
"Oberirdische Deponien, z.B. Reaktor-, Inertstoff-, oder Reststoffdeponie","Occupation, dump site"
Obstanbau,"Occupation, permanent crop, irrigated"
"Occupation, annual crop, non-irrigated, extensive","Produktion von Getreide, Hackfrüchten, Gemüse, etc."
"Occupation, annual crop, non-irrigated, intensive","Produktion von Getreide, Hackfrüchten, Gemüse, etc."
"Occupation, forest, unspecified",Wald ohne nähere Angaben
"Occupation, permanent crop, non-irrigated",Weinbau
"Occupation, seabed, infrastructure","Pipelines, Bohrplattformen"
"Occupation, traffic area, rail network","Schiene, ohne Bahngebäude, Werkhallen, etc."
"Occupation, traffic area, rail/road embankment","Tankstellen, Gebäude für Unterhalt"
"Occupation, traffic area, road network","Strasse und Parkplätze, ohne Tankstellen, Gebäude für Unterhalt"
"Occupation, unspecified",Überhaupt keine Angaben zum Landnutzungstyp vorhanden
"Occupation, urban, continuously built","Städtische Siedlung, Bürogebäude"
"Occupation, urban, discontinuously built","Wohnsiedlungen, Bauernhöfe, Ställe, Treibhäuser, Silos"
"Oil, crude","Oil, crude, in ground"
Olivine,"Olivine, in ground"
Orbencarb,S-2-chlorobenzyl diethylthiocarbamate
Ortho phosphate defoliant,Tribufos
Oryzalin,Surflan
Osmium,"Osmium, in ground"
Oxydemeton methyl,Oxydemeton-methyl
Oxydemeton-methyl,"S-2-ethylsulfinylethyl O,O-dimethyl phosphorothioate"
PCB,Polychlorinated biphenyls
PCP,"Phenol, pentachloro-"
Palladium,"Palladium, in ground"
"Palladium, Pd 1.6E-6%, in mixed ore","Palladium, Pd 1.6E-6%, in mixed ore, in ground"
Peat,"Peat, in ground"
Pentachlorphenol,"Phenol, pentachloro-"
Perchlorate,"Perchlorate, ion"
Perlite,"Perlite, in ground"
Phenanthracene,Phenanthrene
Phenol,"Phenols, unspecified"
"Phenol, 2,4-dichloro","Phenol, 2,4-dichloro-"
Phosphine,phosphorated hydrogen
Phosphorus,"Phosphorus, in ground"
"Phosphorus, 18% in apatite, 4% in crude ore","Phosphorus, 18% in apatite, 4% in crude ore, in ground"
Piperonyl butoxide,pyrenone 606
Platinum,"Platinum, in ground"
"Platinum, Pt 4.7E-7%, in mixed ore","Platinum, Pt 4.7E-7%, in mixed ore, in ground"
Polonium,"Polonium, in ground"
Potassium,"Potassium, in ground"
Potassium,"Potassium, ion"
Potassium chloride,"Sylvite, in ground"
Praseodymium,"Praseodymium, in ground"
Procymidone,S-7131
Propamocarb HCl,propyl 3-(dimethylamino)propylcarbamate hydrochloride
Propanal,"propionaldehyde, methylacetaldehyde, propionic aldehyde, propaldehyde"
Propanil,Stam M-4
Prosulfocarb,S-benzyl dipropylthiocarbamate
Protactinium,"Protactinium, in ground"
Prothioconazol,Prothioconazole,,178928-70-6,spelling without the final e
Pumice,"Pumice, in ground"
Pyraclostrobin,Pyraclostrobin (prop)
Pyrethrin,Pyrethrin II
Pyrethrins,Pyrethrum
Pyriproxyfen,S-9318
Pyrite,"Pyrite, in ground"
Pyrithiobac sodium salt,pyrithiobac-sodium
Pyrolusite,"Pyrolusite, in ground"
Quizalofop ethyl ester,Quizalofop-ethyl
RH-5992,Tebufenozide
Rabon,Tetrachlorvinphos ((Z)-isomer)
"Radioactive species, other beta emitters","Radioactive species, unspecified"
Radium,"Radium, in ground"
Radium-226,Radium-226/kg
Radium-228,Radium-228/kg
Rhenium,"Rhenium, in ground"
Rhodium,"Rhodium, in ground"
"Rhodium, Rh 1.6E-7%, in mixed ore","Rhodium, Rh 1.6E-7%, in mixed ore, in ground"
Rubidium,"Rubidium, in ground"
Ruthenium,"Ruthenium, in ground"
Samarium,"Samarium, in ground"
Scandium,"Scandium, in ground"
Scout-Xtra,Tralomethrin
Selenium,"Selenium, in ground"
Shale,"Shale, in ground"
Silicon,"Silicon, in ground"
Silver,"Silver, in ground"
Silver,"Silver, ion"
Silver,"Silver (I)",,014701-21-4,EF 3.1 toxicity characterizes only the ionic species; the elemental metal emission maps to it
"Silver, 0.007% in sulfide, Ag 0.004%, Pb, Zn, Cd, In","Silver, 0.007% in sulfide, Ag 0.004%, Pb, Zn, Cd, In, in ground"
"Silver, 3.2ppm in sulfide, Ag 1.2ppm, Cu and Te, in crude ore","Silver, 3.2ppm in sulfide, Ag 1.2ppm, Cu and Te, in crude ore, in ground"
"Silver, Ag 1.5E-4%, Au 6.8E-4%, in ore","Silver, Ag 1.5E-4%, Au 6.8E-4%, in ore, in ground"
"Silver, Ag 1.5E-5%, Au 5.4E-4%, in ore","Silver, Ag 1.5E-5%, Au 5.4E-4%, in ore, in ground"
"Silver, Ag 1.8E-6%, in mixed ore","Silver, Ag 1.8E-6%, in mixed ore, in ground"
"Silver, Ag 2.1E-4%, Au 2.1E-4%, in ore","Silver, Ag 2.1E-4%, Au 2.1E-4%, in ore, in ground"
"Silver, Ag 4.2E-3%, Au 1.1E-4%, in ore","Silver, Ag 4.2E-3%, Au 1.1E-4%, in ore, in ground"
"Silver, Ag 4.6E-5%, Au 1.3E-4%, in ore","Silver, Ag 4.6E-5%, Au 1.3E-4%, in ore, in ground"
"Silver, Ag 5.4E-3%, in mixed ore","Silver, Ag 5.4E-3%, in mixed ore, in ground"
"Silver, Ag 7.6E-5%, Au 9.7E-5%, in ore","Silver, Ag 7.6E-5%, Au 9.7E-5%, in ore, in ground"
Sinbar,Terbacil
Sodium,"Sodium, in ground"
Sodium,"Sodium, ion"
Sodium chloride,"Sodium chloride, in ground"
Sodium nitrate,"Sodium nitrate, in ground"
Sodium tetrahydridoborate,Sodium tetrahydroborate
Spinosad,Spinosyn A
Splendor,Tralkoxydim
Spodumene,"Spodumene, in ground"
Steatite,"Steatite, in ground"
Stibnite,"Stibnite, in ground"
Strontium,"Strontium, in ground"
Strontium,"Strontium (II)",,022537-39-9,EF 3.1 toxicity characterizes only the ionic species; the elemental metal emission maps to it
Sulfate,"Sulfate, ion"
Sulfosate,trimethylsulfonium N-[(hydroxyphosphinato)methyl]glycine
Sulfur,"Sulfur, in ground"
Sulfur dioxide,Sulfur oxides
Sulfur monoxide,Sulfur oxides
"Suspended solids, unspecified",TSS
TCMTB,"Thiazole, 2-(thiocyanatemethylthio)benzo-"
TCMTB,Thiocyanic acid (2-benzothiazolylthio)methyl ester
"TERPENE HYDROCARBONS, N.O.S.",Terpenes
Talc,"Talc, in ground"
Tantalum,"Tantalum, in ground"
Tellurium,"Tellurium, in ground"
Terbium,"Terbium, in ground"
Terpenes,TERPINOLENE 22
Tetramethyl ammonium hydroxide,TMAH
Thallium,"Thallium, in ground"
Thallium,"Thallium (I)",,022537-56-0,EF 3.1 toxicity characterizes only the ionic species; the elemental metal emission maps to it
Thiophanat-methyl,Thiophanate-methyl
Thorium,"Thorium, in ground"
Thulium,"Thulium, in ground"
"TiO2, 54% in ilmenite, 18% in crude ore","TiO2, 54% in ilmenite, 18% in crude ore, in ground"
"TiO2, 54% in ilmenite, 2.6% in crude ore","TiO2, 54% in ilmenite, 2.6% in crude ore, in ground"
"TiO2, 95% in rutile, 0.40% in crude ore","TiO2, 95% in rutile, 0.40% in crude ore, in ground"
Tin,"Tin, in ground"
Tin,"Tin, ion"
Titanium,"Titanium, in ground"
Titanium,"Titanium, ion"
"Toluene, 2-chloro","Toluene, 2-chloro-"
Tri-allate,Triallate
Tungsten,"Tungsten, in ground"
Ulexite,"Ulexite, in ground"
Uranium,"Uranium, in ground"
Vanadium,"Vanadium, in ground"
Vanadium,"Vanadium, ion"
Vermiculite,"Vermiculite, in ground"
"Water, well","Water, well, in ground"
Ytterbium,"Ytterbium, in ground"
Yttrium,"Yttrium, in ground"
Zinc,"Zinc, in ground"
Zinc,"Zinc, ion"
Zinc,"Zinc (II)",,023713-49-7,EF 3.1 toxicity characterizes only the ionic species; the elemental metal emission maps to it
"Zinc, Zn 3.1%, in mixed ore","Zinc, Zn 3.1%, in mixed ore, in ground"
Zircat,"Zirconium, 50% in zircon, 0.39% in crude ore, in ground"
Zirconium,"Zirconium, in ground"
"acetic acid methyl ester, methyl ethanoate",Methyl acetate
"alpha,alpha,alpha,-trifluoro-2,6-dinitro-N,N-dipropyl-p-toluidine",Trifluralin
"alpha-cyano-3-phenoxybenzyl 2,2,3,3-tetramethylcyclopropanecarboxylate",Fenpropathrin
"aminic acid, formylic acid, hydrogen carboxylic acid, methanoic acid",Formic acid
"aminobenzene, benzenamine, phenylamine",Aniline
antimony sulfide,"Stibnite, in ground",input
benzo[def]phenanthrene,Pyrene
"bicyclo(4.4.0)deca-1,3,5,7,9-pentene",Naphtalene
bis(2-ethylhexyl) Phtalat,"Phthalate, dioctyl-"
"bis(4-fluorophenyl)(methyl)(1H-1,2,4-triazol-1-ylmethyl)silane",Flusilazole
"butyl 2,3-dihydro-2,2-dimethylbenzofuran-7-yl N,N′-dimethyl-N,N′-thiodicarbamate",Furathiocarb
butyl-(R)-2-[4-(5-trifluormethyl-2-pyridyloxy)phenoxy]propionat,Fluazifop-P-butyl
calcium 3-oxido-5-oxo-4-propionylcyclohex-3-enecarboxylate,Prohexadione-calcium
"chloramide, monochloramine",Chloramine
dichlormethan,"Methane, dichloro-, HCC-30"
"diethyl (RS)-1-(2,4-dichlorophenyl)-5-methyl-2-pyrazoline-3,5-dicarboxylate",Mefenpyr-diethyl
dimethyl (E)-1-methyl-2-(methylcarbamoyl)vinyl phosphate,Monocrotophos
"dimethyl 4,4′-(o-phenylene)bis(3-thioallophanate)",Thiophanat-methyl
"ethyl 4-cyclopropyl(hydroxy)methylene-3,5-dioxocyclohexanecarboxylate",Trinexapac-ethyl
hydrogen phosphide,Phosphine
karbofos,Malathion
maleic acid hydrazide,Maleic hydrazide
massive talc,"Steatite, in ground"
methyl 3-(3-methylcarbaniloyloxy)carbanilate,Phenmedipham
"methyl DL-lactate, 2-mydroxy-propanoic acid methyl ester",Methyl lactate
methyl N-{2-[1-(4-chlorophenyl)pyrazol-3-yloxymethyl]phenyl}(N-methoxy)carbamate,Pyraclostrobin
methyl N-{2-[1-(4-chlorophenyl)pyrazol-3-yloxymethyl]phenyl}(N-methoxy)carbamate,Pyraclostrobin (prop)
"o-Mononitrotoluene, o-methylnitrobenzene, 2-nitrotoluene, ONT",o-Nitrotoluene
p-Xylene,Xylene
polfoschlor,Trichlorfon
"propan-1-ol, 1-propanol, propyl alcohol, n-propanol, n-propyl alcohol",Propanol
"propanoic acid, ethanecarboxylic acid",Propionic acid
sethodydim,Sethoxydim
"sulfan, sulphuric anhydride",Sulfur trioxide
tetramethylthiuram disulfide,Thiram
tribenuron,Tribenuron-methyl
"Occupation, annual crop, non-irrigated","arable, non-irrigated"
"Transformation, from annual crop, non-irrigated","from arable, non-irrigated"
"Transformation, to annual crop, non-irrigated","to arable, non-irrigated"
"Transformation, from pasture, man made",from pasture/meadow
"Occupation, industrial area, built up",industrial area
brown coal,"Coal, brown"
crude oil,"Oil, crude"
hard coal,"Coal, hard"
natural gas,"Gas, natural"
"Particulate Matter, < 2.5 um",particles (PM2.5)
"Particulate Matter, > 2.5 um and < 10um",particles (PM10)
"Occupation, annual crop",arable
"Occupation, annual crop, greenhouse","arable, greenhouse"
"Occupation, annual crop, irrigated","arable, irrigated"
"Occupation, annual crop, irrigated, intensive","arable, irrigated, intensive"
"Occupation, annual crop, non-irrigated","arable, non-irrigated"
"Occupation, annual crop, non-irrigated, extensive","arable, non-irrigated, extensive"
"Occupation, annual crop, non-irrigated, intensive","arable, non-irrigated, intensive"
"Occupation, arable land, unspecified use",arable
"Occupation, bare area (non-use)",bare area
"Occupation, construction site",construction site
"Occupation, cropland fallow (non-use)","arable, fallow"
"Occupation, dump site",dump site
"Occupation, forest, extensive","forest, extensive"
"Occupation, forest, intensive","forest, intensive"
"Occupation, forest, unspecified",forest
"Occupation, grassland, natural (non-use)","grassland, not used"
"Occupation, grassland, natural, for livestock grazing","grassland, for livestock grazing"
"Occupation, industrial area",industrial area
"Occupation, mineral extraction site",mineral extraction site
"Occupation, pasture, man made",pasture/meadow
"Occupation, pasture, man made, extensive","pasture/meadow, extensive"
"Occupation, pasture, man made, intensive","pasture/meadow, intensive"
"Occupation, permanent crop",permanent crops
"Occupation, permanent crop, irrigated","permanent crops, irrigated"
"Occupation, permanent crop, irrigated, intensive","permanent crops, irrigated, intensive"
"Occupation, permanent crop, non-irrigated","permanent crops, non-irrigated"
"Occupation, permanent crop, non-irrigated, intensive","permanent crops, non-irrigated, intensive"
"Occupation, shrub land, sclerophyllous",shrub land
"Occupation, traffic area, rail network","traffic area, rail network"
"Occupation, traffic area, rail/road embankment","traffic area, rail/road embankment"
"Occupation, traffic area, road network","traffic area, road network"
"Occupation, unspecified",unspecified
"Occupation, unspecified, natural (non-use)","unspecified, natural"
"Occupation, urban, continuously built","urban, continuously built"
"Occupation, urban, discontinuously built","urban, discontinuously built"
"Occupation, urban, green area","urban, green areas"
"Occupation, urban/industrial fallow (non-use)",urban/industrial fallow
"Transformation, from annual crop",from arable
"Transformation, from annual crop, greenhouse","from arable, greenhouse"
"Transformation, from annual crop, irrigated","from arable, irrigated"
"Transformation, from annual crop, irrigated, intensive","from arable, irrigated, intensive"
"Transformation, from annual crop, non-irrigated","from arable, non-irrigated"
"Transformation, from annual crop, non-irrigated, extensive","from arable, non-irrigated, extensive"
"Transformation, from annual crop, non-irrigated, intensive","from arable, non-irrigated, intensive"
"Transformation, from arable land, unspecified use",from arable
"Transformation, from cropland fallow (non-use)","from arable, fallow"
"Transformation, from dump site",from dump site
"Transformation, from dump site, inert material landfill",from dump site
"Transformation, from dump site, residual material landfill",from dump site
"Transformation, from dump site, sanitary landfill",from dump site
"Transformation, from dump site, slag compartment",from dump site
"Transformation, from forest, extensive","from forest, extensive"
"Transformation, from forest, intensive","from forest, intensive"
"Transformation, from forest, primary (non-use)","from forest, primary"
"Transformation, from forest, secondary (non-use)","from forest, secondary"
"Transformation, from forest, unspecified",from forest
"Transformation, from grassland, natural (non-use)","from grassland, not used"
"Transformation, from grassland, natural, for livestock grazing","from grassland, for livestock grazing"
"Transformation, from heterogeneous, agricultural","from agriculture, mosaic"
"Transformation, from industrial area",from industrial area
"Transformation, from mineral extraction site",from mineral extraction site
"Transformation, from pasture, man made",from pasture/meadow
"Transformation, from pasture, man made, extensive","from pasture/meadow, extensive"
"Transformation, from pasture, man made, intensive","from pasture/meadow, intensive"
"Transformation, from permanent crop",from permanent crops
"Transformation, from permanent crop, irrigated","from permanent crops, irrigated"
"Transformation, from permanent crop, irrigated, intensive","from permanent crops, irrigated, intensive"
"Transformation, from permanent crop, non-irrigated","from permanent crops, non-irrigated"
"Transformation, from permanent crop, non-irrigated, extensive","from permanent crops, non-irrigated, extensive"
"Transformation, from permanent crop, non-irrigated, intensive","from permanent crops, non-irrigated, intensive"
"Transformation, from shrub land, sclerophyllous",from shrub land
"Transformation, from traffic area, rail/road embankment","from traffic area, rail/road embankment"
"Transformation, from traffic area, road network","from traffic area, road network"
"Transformation, from unspecified",from unspecified
"Transformation, from unspecified, natural (non-use)","from unspecified, natural"
"Transformation, from urban, continuously built","from urban, continuously built"
"Transformation, from urban, green area","from urban, green areas"
"Transformation, from wetland, inland (non-use)","from wetlands, inland"
"Transformation, to annual crop",to arable
"Transformation, to annual crop, greenhouse","to arable, greenhouse"
"Transformation, to annual crop, irrigated","to arable, irrigated"
"Transformation, to annual crop, irrigated, extensive","to arable, irrigated, extensive"
"Transformation, to annual crop, irrigated, intensive","to arable, irrigated, intensive"
"Transformation, to annual crop, non-irrigated","to arable, non-irrigated"
"Transformation, to annual crop, non-irrigated, extensive","to arable, non-irrigated, extensive"
"Transformation, to annual crop, non-irrigated, intensive","to arable, non-irrigated, intensive"
"Transformation, to arable land, unspecified use",to arable
"Transformation, to bare area (non-use)",to bare area
"Transformation, to cropland fallow (non-use)","to arable, fallow"
"Transformation, to dump site",to dump site
"Transformation, to dump site, inert material landfill",to dump site
"Transformation, to dump site, residual material landfill",to dump site
"Transformation, to dump site, sanitary landfill",to dump site
"Transformation, to dump site, slag compartment",to dump site
"Transformation, to forest, extensive","to forest, extensive"
"Transformation, to forest, intensive","to forest, intensive"
"Transformation, to forest, secondary (non-use)","to forest, secondary"
"Transformation, to forest, unspecified",to forest
"Transformation, to grassland, natural (non-use)","to grassland, not used"
"Transformation, to grassland, natural, for livestock grazing","to grassland, for livestock grazing"
"Transformation, to heterogeneous, agricultural","to agriculture, mosaic"
"Transformation, to industrial area",to industrial area
"Transformation, to mineral extraction site",to mineral extraction site
"Transformation, to pasture, man made",to pasture/meadow
"Transformation, to pasture, man made, extensive","to pasture/meadow, extensive"
"Transformation, to pasture, man made, intensive","to pasture/meadow, intensive"
"Transformation, to permanent crop",to permanent crops
"Transformation, to permanent crop, irrigated","to permanent crops, irrigated"
"Transformation, to permanent crop, irrigated, intensive","to permanent crops, irrigated, intensive"
"Transformation, to permanent crop, non-irrigated","to permanent crops, non-irrigated"
"Transformation, to permanent crop, non-irrigated, intensive","to permanent crops, non-irrigated, intensive"
"Transformation, to shrub land, sclerophyllous",to shrub land
"Transformation, to traffic area, rail network","to traffic area, rail network"
"Transformation, to traffic area, rail/road embankment","to traffic area, rail/road embankment"
"Transformation, to traffic area, road network","to traffic area, road network"
"Transformation, to unspecified",to unspecified
"Transformation, to unspecified, natural (non-use)","to unspecified, natural"
"Transformation, to urban, continuously built","to urban, continuously built"
"Transformation, to urban, discontinuously built","to urban, discontinuously built"
"Transformation, to urban/industrial fallow (non-use)",to urban/industrial fallow
"Transformation, to wetland, inland (non-use)","to wetlands, inland"
"Occupation, agriculture",agriculture
"Occupation, dump site, benthos",dump site
"Occupation, forest, intensive, normal","forest, intensive"
"Occupation, forest, intensive, short-cycle","forest, intensive"
"Occupation, forest, used","forest, used"
"Occupation, grassland/pasture/meadow",grassland/pasture/meadow
"Occupation, heterogeneous, agricultural","agriculture, mosaic"
"Occupation, industrial area, benthos",industrial area
"Occupation, industrial area, vegetation",industrial area
"Occupation, permanent crop, fruit",permanent crops
"Occupation, permanent crop, fruit, intensive","permanent crops, irrigated, intensive"
"Occupation, permanent crop, vine",permanent crops
"Occupation, traffic area",traffic area
"Occupation, traffic area, road embankment","traffic area, rail/road embankment"
"Occupation, unspecified, used","unspecified, used"
"Occupation, wetland","wetlands, inland"
"Transformation, from agriculture",from agriculture
"Transformation, from annual crop, non-irrigated, fallow","from arable, fallow"
"Transformation, from forest, intensive, clear-cutting","from forest, intensive"
"Transformation, from forest, used","from forest, used"
"Transformation, from grassland",from grassland
"Transformation, from grassland/pasture/meadow",from grassland/pasture/meadow
"Transformation, from industrial area, benthos",from industrial area
"Transformation, from industrial area, built up",from industrial area
"Transformation, from industrial area, vegetation",from industrial area
"Transformation, from permanent crop, fruit",from permanent crops
"Transformation, from permanent crop, vine",from permanent crops
"Transformation, from traffic area, rail embankment","from traffic area, rail/road embankment"
"Transformation, from tropical rain forest","from forest, natural"
"Transformation, from unspecified, used","from unspecified, used"
"Transformation, from urban, discontinuously built","from urban, discontinuously built"
"Transformation, to agriculture",to agriculture
"Transformation, to annual crop, fallow","to arable, fallow"
"Transformation, to annual crop, non-irrigated, fallow","to arable, fallow"
"Transformation, to dump site, benthos",to dump site
"Transformation, to forest, intensive, clear-cutting","to forest, intensive"
"Transformation, to forest, intensive, normal","to forest, intensive"
"Transformation, to forest, intensive, short-cycle","to forest, intensive"
"Transformation, to forest, used","to forest, used"
"Transformation, to grassland/pasture/meadow",to grassland/pasture/meadow
"Transformation, to industrial area, benthos",to industrial area
"Transformation, to industrial area, built up",to industrial area
"Transformation, to industrial area, vegetation",to industrial area
"Transformation, to permanent crop, fruit, intensive","to permanent crops, irrigated, intensive"
"Transformation, to traffic area, road embankment","to traffic area, rail/road embankment"
"Transformation, to unspecified, used","to unspecified, used"
"Particulates, < 2.5 um",particles (PM2.5)
"Particulates, < 10 um",particles (PM10)
"Particulates, > 2.5 um, and < 10um",particles (PM10)
"Particulates, < 10 um (mobile)",particles (PM10)
"Particulates, < 10 um (stationary)",particles (PM10)
"Energy, from coal",hard coal
"Energy, from coal, brown",brown coal
"Energy, from oil",crude oil
"Energy, from gas, natural",natural gas
"Energy, from peat",peat
"Energy, from uranium",uranium
"Nitrogen, total","nitrogen, total (excluding N2)"
Barite,barium sulphate
Fluorochloridone,3-chloro-4-(chloromethyl)-1-[3-(trifluoromethyl)phenyl]pyrrolidin-2-one
non-methane volatile organic compounds,"NMVOC, non-methane volatile organic compounds"
Carbon dioxide (land use change),"Carbon dioxide, land transformation"
sulphuric acid,Sulfuric acid
river water,"Water, river",input
lake water,"Water, lake",input
ground water,"Water, well",input
Water to turbine,"Water, turbine use, unspecified natural origin",input
Water to Cooling,"Water, cooling, unspecified natural origin",input
freshwater,"Water, unspecified natural origin",input
CFC-10,"Methane, tetrachloro-, CFC-10",,56-23-5
CFC-11,"Methane, trichlorofluoro-, CFC-11",,75-69-4
CFC-12,"Methane, dichlorodifluoro-, CFC-12",,75-71-8
"1,1,2-trichlorotrifluoroethane","Ethane, 1,1,2-trichloro-1,2,2-trifluoro-, CFC-113",,76-13-1
HCFC-22,"Methane, chlorodifluoro-, HCFC-22",,75-45-6
"2-chloro-N-[[[4-(trifluoromethoxy)phenyl]amino]carbonyl]benzamide",Triflumuron,,64628-44-0
"mesotrione (iso); 2-[4-(methylsulfonyl)-2-nitrobenzoyl]-1,3-cyclohexanedione",Mesotrione,,104206-82-8
tebupirimfos,Tebupirimphos,,96182-53-5
chloramide,Chloramine,,10599-90-3
"2-chloro-N-(2,6-dimethylphenyl)-N-(2-methoxyethyl)acetamide",Dimethachlor,,50563-36-5
1-Naphthaleneacetic acid,1-naphthylacetic acid
1-Pentanol,pentan-1-ol
"1H-Purin-6-amine, n-(phenylmethyl)-",benzyl(purin-6-yl)amine
2-Chloroacetophenone,2-chloro-1-phenylethanone
2-Propanol,isopropanol
4-Methyl-2-pentanol,4-methylpentan-2-ol
4-Methyl-2-pentanone,methyl isobutyl ketone
8-Quinolinol,quinolin-8-ol
Acrinathrin,"(s)-cyano(3-phenoxyphenyl)methyl (1r,3s)-3-[(1z)-3-[(1,1,1,3,3,3-hexafluoropropan-2-yl)oxy]-3-oxoprop-1-en-1-yl]-2,2-dimethylcyclopropane-1-carboxylate"
Acrylonitrile,acryolonitrile
Alachlor,lasso
Ametryn,ametryne
Azaconazol,azaconazole
Benfluralin,benefin
Benoxacor,"2,2-Dichloro-1-(3-methyl-2,3-dihydro-4h-1,4-benzoxazin-4-yl)ethanone"
Bensulfuron methyl ester,londax
"Benzene, 1,2,4-trimethyl-","1,2,4-trimethylbenzene"
"Benzene, 1,3,5-trimethyl-","1,3,5-trimethylbenzene"
"Benzene, 1-methyl-2-nitro-",2-nitrotoluene
"Benzene, 1-methyl-4-(1-methylethyl)-",p-cymene
"Benzene, chloro-",chlorobenzene
"Benzene, ethyl-",ethyl benzene
"Benzene, hexachloro-",hexachlorobenzene
"Benzene, pentachloro-",pentachlorobenzene
"Benzene, pentachloronitro-",pentachloronitrobenzene
Benzo(a)anthracene,benzo[a]anthracene
Benzo(a)pyrene,benzo[a]pyrene
Benzo(b)fluoranthene,benzo[b]fluoranthene
"Benzo(b,j,k)fluoranthene",benzo[b]fluoranthene,,,sum parameter; representative isomer benzo[b]fluoranthene
"Benzo(g,h,i)perylene","benzo[g,h,i]perylene"
Benzo(k)fluoranthene,benzo[k]fluoranthene
Bitertanol,"β-([1,1'-biphenyl]-4-yloxy)-α-tert-butyl-1H-1,2,4-triazol-1-ethanol"
Brodifacoum,"4-hydroxy-3-(3-(4'-bromo-4-biphenylyl)-1,2,3,4-tetrahydro-1-naphthyl)coumarin"
Bromadiolone,"3-[3-(4'-Bromo[1,1'-biphenyl]-4-yl)-3-hydroxy-1-phenylpropyl]-4-hydroxy-2-benzopyrone"
Bupirimate,5-butyl-2-ethylamino-6-methylpyrimidin-4-yldimethylsulphamate
Butafenacil,"(2-allyloxy-1,1-dimethyl-2-oxo-ethyl) 2-chloro-5-[3,6-dihydro-3-methyl-2,6-dioxo-4-(trifluoromethyl)-1(2h)-pyrimidin-1-yl]benzoate"
Butyl acetate,n-butyl-acetate
"Butyric acid, 4-(2,4-dichlorophenoxy)-","4-(2,4-dichlorophenoxy)butanoic acid"
Butyrolactone,γ-butyrolactone
"Carbamic acid, [(dibutylamino)thio]methyl-, 2,3-dihydro-2,2-dimethyl-7-benzofuranyl ester","2,3-dihydro-2,2-dimethyl-[(dibutylamino)thio]methyl carbamic acid"
Carbon disulfide,carbon disulphide
Chlorfenvinphos,chlorfenvinfos
Chlormequat,Chlormequat chloride
Chloroethylene,vinyl chloride
Chlorosulfonic acid,chlorosulphuric acid
Chlorpyrifos methyl,chlorpyrifos-methyl
Coumafos,coumaphos
Cyazofamid,"4-chloro-2-cyano-n,n-dimethyl-5-p-tolylimidazole-1-sulfonamide"
Cyflufenamid,"n-[(1z)-[(cyclopropylmethoxy)imino][2,3-difluoro-6-(trifluoromethyl)phenyl]methyl]-2-phenylacetamide"
Dialifor,dialifos
"Dibenz(a,h)anthracene","dibenz[a,h]anthracene"
Dichlorprop,dichloroprop
Dicrotophos,Bidrin
Difenacoum,"3-(3-biphenyl-4-yl-1,2,3,4-tetrahydro-1-naphthyl)-4-hydroxycoumarin"
Diisobutyl ketone,"2,6-dimethylheptan-4-one"
Dimethyl ether,methyl ether
Dimethyldichlorosilane,dichloro(dimethyl)silane
Dipropylthiocarbamic acid S-ethyl ester,s-ethyl dipropylthiocarbamate
Ethane thiol,ethanethiol
"Ethane, 1,1,2-trichloro-","1,1,2-trichloroethane"
"Ethane, 1,1-difluoro-, HFC-152a",HFC-152a
"Ethane, 1,2-dibromo-","1,2-dibromoethane"
"Ethane, 1,2-dichloro-","1,2-dichloroethane"
"Ethane, chloro-",chloroethane
"Ethane, hexachloro-",hexachloroethane
Ethoprop,ethoprophos
Ethylamine,ethyl amine
Ethylene diamine,ethylenediamine
Ethyne,acetylene
Fenoxaprop ethyl ester,fenoxaprop-ethyl
Fenpyroximate,fenpyroximate (iso)
Flazasulfuron,"1-(4,6-dimethoxypyrimidin-2-yl)-3-(3-trifluoromethyl-2-pyridylsulfonyl)urea"
Flonicamid,n-(cyanomethyl)-4-(trifluoromethyl)pyridine-3-carboxamide
Fluazifop,2-(4-{[5-(trifluoromethyl)pyridin-2-yl]oxy}phenoxy)propanoic acid
Fluoroglycofen,"Benzoic acid, 5-[2-chloro-4-(trifluoromethyl)phenoxy]-2-nitro-, carboxymethyl ester"
Fluoxastrobin,"(e)-[(2-{[6-(2-chlorophenoxy)-5-fluoropyrimidin-4-yl]oxy}phenyl)(5,6-dihydro-1,4,2-dioxazin-3-yl)methylidene](methoxy)amine"
Fomesafen,5-[2-chloro-4-(trifluoromethyl)phenoxy]-N-(methylsulphonyl)-2-nitrobenzamide
Fosetyl-aluminium,fosetyl-aluminum
Haloxyfop-ethoxyethyl,haloxyfop ethoxyethyl ester
Hexazinone,"3-cyclohexyl-6-dimethylamino-1-methyl-1,2,3,4-tetrahydro-1,3,5-triazine-2,4-dione"
"Hydrazine, methyl-",methylhydrazine
Hydrogen cyanide,hydrocyanic acid
Imazethapyr,pursuit
Kresoxim-methyl,kresoxim methyl
Maleic hydrazide,maleic hydrazide acid
Metalaxyl-M,mefenoxam
"Methane, dichlorofluoro-, HCFC-21",HCFC-21
Methyl lactate,Methyl (R)-lactate,,,enantiomer-agnostic; characterized as methyl (R)-lactate
Mevinfos,mevinphos
Monosodium acid methanearsonate,sodium methylarsonate
Myclobutanil,systhane
N-Nitrodimethylamine,dimethylnitramine
N-octane,octane
"Naphthalene, 2-methyl-",2-methylnaphthalene
Oxydemeton methyl,demeton-s-methyl sulfoxide
Oxyfluorfen,oxyfluorofen
Penconazole,"1-[2-(2,4-dichlorophenyl)pentyl]-1H-1,2,4-triazole"
Pencycuron,1-[(4-chlorophenyl)methyl]-1-cyclopentyl-3-phenylurea
"Pentane, 2,2,4-trimethyl-","2,2,4-trimethylpentane"
"Pentane, 2-methyl-",2-methylpentane
"Pentane, 3-methyl-",3-methylpentane
"Phenol, 2,4-dimethyl-","2,4-dimethylphenol"
Piperonyl butoxide,2-(2-butoxyethoxy)ethyl 6-propylpiperonyl ether
Procymidone,"3-(3,5-dichlorophenyl)-1,5-dimethyl-3-azabicyclo[3.1.0]hexane-2,4-dione"
Profenofos,O-(4-bromo-2-chlorophenyl) O-ethyl S-propyl phosphorothioate
"Propane, 1,2-dichloro-","1,2-dichloropropane"
Proquinazid,6-iodo-2-propoxy-3-propylquinazolin-4(3h)-one
Sulfur hexafluoride,sulphur hexafluoride
"Sulfuric acid, dimethyl ester",dimethyl sulphate
t-Butyl methyl ether,tert-butyl methyl ether
t-Butylamine,tert-butylamine
Tetrachloroethylene,tetrachloroethene
Tolyfluanide,dichloro-N-[(dimethylamino)sulphonyl]fluoro-N-(p-tolyl)methanesulphenamide
Tribufos,tributylphosphorotrithioate
Trichlorfon,trichlorofon
Trichloroethylene,trichloroethene
Triclopyr,"[(3,5,6-trichloropyridin-2-yl)oxy]acetic acid"
Triticonazole,"(RS)-(E)-5-(4-Chlorobenzylidene)-2,2-dimethyl-1-(1h-1,2,4-triazol-1-ylmethyl)cyclopentanol"
